[
    {
        "id":1,
        "letters": "1",
        "number": 1
    },
    {
        "id":2,
        "letters": "یک",
        "number": 1
    },
    {
        "id":3,
        "letters": "یه",
        "number": 1
    },
    {
        "id":4,
        "letters": "یکی",
        "number": 1
    },
    {
        "id":5,
        "letters": "۱",
        "number": 1
    },
    {
        "comment1_": "##################################################",
        "comment2_": "##################################################",
        "id":6,
        "letters": "2",
        "number": 2
    },
    {
        "id":7,
        "letters": "دو",
        "number": 2
    },
    {
        "id":8,
        "letters": "۲",
        "number": 2
    },
    {
        "comment1_": "##################################################",
        "comment2_": "##################################################",
        "id":9,
        "letters": "3",
        "number": 3
    },
    {
        "id":10,
        "letters": "سه",
        "number": 3
    },
    {
        "id":11,
        "letters": "۳",
        "number": 3
    },
    {
        "comment1_": "##################################################",
        "comment2_": "##################################################",
        "id":12,
        "letters": "4",
        "number": 4
    },
    {
        "id":13,
        "letters": "چهار",
        "number": 4
    },
    {
        "id":14,
        "letters": "چار",
        "number": 4
    },
    {
        "id":15,
        "letters": "۴",
        "number": 4
    },
    {
        "comment1_": "##################################################",
        "comment2_": "##################################################",
        "id":16,
        "letters": "5",
        "number": 5
    },
    {
        "id":17,
        "letters": "پنج",
        "number": 5
    },
    {
        "id":18,
        "letters": "۵",
        "number": 5
    },
    {
        "comment1_": "##################################################",
        "comment2_": "##################################################",
        "id":19,
        "letters": "6",
        "number": 6
    },
    {
        "id":20,  
        "letters": "شش",
        "number": 6
    },
    {
        "id":21,
        "letters": "شیش",
        "number": 6
    },
    {
        "id":22,
        "letters": "۶",
        "number": 6
    },
    {
        "comment1_": "##################################################",
        "comment2_": "##################################################",
        "id":23,
        "letters": "7",
        "number": 7
    },
    {
        "id":24,
        "letters": "هفت",
        "number": 7
    },
    {
        "id":25,
        "letters": "۷",
        "number": 7
    },
    {
        "comment1_": "##################################################",
        "comment2_": "##################################################",
        "id":26,
        "letters": "8",
        "number": 8
    },
    {
        "id":27,
        "letters": "هشت",
        "number": 8
    },
    {
        "id":28,
        "letters": "۸",
        "number": 8
    },
    {
        "comment1_": "##################################################",
        "comment2_": "##################################################",
        "id":29,
        "letters": "9",
        "number": 9
    },
    {
        "id":30,
        "letters": "نه",
        "number": 9
    },
    {
        "id":31,
        "letters": "۹",
        "number": 9
    },
    {
        "comment1_": "##################################################",
        "comment2_": "##################################################",
        "id":32,
        "letters": "10",
        "number": 10
    },
    {
        "id":33,
        "letters": "ده",
        "number": 10
    },
    {
        "id":34,
        "letters": "۱۰",
        "number": 10
    },
    {
        "comment1_": "##################################################",
        "comment2_": "##################################################",
        "id":35,
        "letters": "11",
        "number": 11
    },
    {
        "id":36,
        "letters": "یازده",
        "number": 11
    },
    {
        "id":37,
        "letters": "۱۱",
        "number": 11
    },
    {
        "comment1_": "##################################################",
        "comment2_": "##################################################",
        "id":38,
        "letters": "12",
        "number": 12
    },
    {
        "id":39,
        "letters": "دوازده",
        "number": 12
    },
    {
        "id":40,
        "letters": "۱۲",
        "number": 12
    }
]